{"17": null, "18": null, "19": null, "20": null, "21": null, "22": null, "23": null, "24": null, "25": null, "26": null, "27": null, "28": null, "29": null, "30": null, "31": null, "32": null, "33": null, "34": null, "35": null, "36": null, "37": null, "38": null, "39": null, "40": null, "41": null, "42": null, "43": null, "44": null, "45": null, "46": null, "47": null, "48": null, "49": null, "50": null, "51": null, "52": null, "53": null, "54": null, "55": null, "56": null, "57": null, "59": null, "60": null, "61": null, "62": null, "63": null, "64": null, "65": null, "66": null, "67": null, "68": null, "69": null, "70": null, "71": null, "72": null, "73": null, "74": null, "75": null, "76": null, "77": null, "78": null, "79": null, "80": null, "81": null, "82": null, "83": null, "84": null, "85": null, "86": null, "87": null, "88": null, "89": null, "90": null, "91": null, "92": null, "93": null, "94": null, "95": null, "96": null, "97": null, "98": null, "99": null, "100": null, "101": null, "102": null, "103": null, "104": null, "105": null, "106": null, "107": null, "108": null, "109": null, "110": null, "111": null, "112": null, "122": null, "123": null, "124": null, "125": null, "126": null, "127": null, "128": null, "129": null, "130": null, "131": null, "132": null, "133": null, "134": null, "135": null, "136": null, "137": null, "138": null, "139": null, "140": null, "141": null, "142": null, "143": null, "144": null, "146": null, "147": null, "148": null, "149": null, "150": null, "151": null, "152": null, "153": null, "154": null, "155": null, "156": null, "157": null, "158": null, "159": null, "160": null, "161": null, "162": null, "163": null, "164": null, "165": null, "166": null, "167": null, "168": null, "169": null, "170": null, "171": null, "172": null, "173": null, "174": null, "175": null, "176": null, "177": null, "178": null, "179": null, "180": null, "181": null, "182": null, "183": null, "184": null, "185": null, "186": null, "187": null, "188": null, "189": null, "190": null, "191": null, "192": null, "193": null, "194": null, "195": null, "196": null, "197": null, "198": null, "199": null, "200": null, "201": null, "202": null, "203": null, "206": null, "207": null, "210": null, "211": null, "212": null, "213": null, "214": null, "215": null}